Quanlity,Day,Sample,Other,Gp3,Actinomycetales
poor,1,wine.manual3.2.1,0.003425,0.000175,0.002725
good,1,wine.manual10.2.1,0.0051,0.00035,0.0033
poor,1,wine.manual4.1.1,0.002175,0,0.012775
poor,2,wine.manual4.1.2,0.000625,0.00005,0.008225
poor,2,wine.manual4.2.2,0.00025,0.000025,0.0065
good,2,wine.manual9.1.2,0.006625,0,0.00575
good,1,wine.manual9.2.1,0.0004,0,0.004875